Column1;Column2;Column3;Column4;Column5;Column6;Column7;Column8;Column9;Column10;Column11;Column12;Column13;Column134;Column133;Column132;Column14;Column15
HABITAT NAME;area_praial;;;area_primitiva;;;area_urbana;;;area_verde;;;ilhas_secundarias;;;CRITERIA TYPE;
HABITAT RESILIENCE ATTRIBUTES;RATING;DQ;WEIGHT;RATING;DQ;WEIGHT;RATING;DQ;WEIGHT;RATING;DQ;WEIGHT;RATING;DQ;WEIGHT;E/C;Rating Instruction
recruitment rate;0;1;3;0;1;3;0;1;3;0;1;3;0;1;3;C;<enter (3) every 2+ yrs, (2) every 1-2 yrs, (1) every <1 yrs, or (0) no score>
natural mortality rate;0;1;3;0;1;3;0;1;3;0;1;3;0;1;3;C;<enter (3) 0-20%, (2) 20-50%, (1) >80% mortality, or (0) no score>
connectivity rate;0;1;3;0;1;3;0;1;3;0;1;3;0;1;3;C;<enter (3) <10km, (2) 10-100km, (1) >100km, or (0) no score>
recovery time;0;1;3;0;1;3;0;1;3;0;1;3;0;1;3;C;<enter (3) >10 yrs, (2) 1-10 yrs, (1) <1 yr, or (0) no score>
;;;;;;;;;;;;;;;;;
HABITAT STRESSOR OVERLAP PROPERTIES;;;;;;;;;;;;;;;;;
Felis_catus;RATING;DQ;WEIGHT;RATING;DQ;WEIGHT;RATING;DQ;WEIGHT;RATING;DQ;WEIGHT;RATING;DQ;WEIGHT;E/C;Rating Instruction
frequency of disturbance;2;1;2;3;1;2;1;1;2;2;1;2;3;1;2;C;<enter (3) Annually or less often, (2) Several times per year, (1) Weekly or more often, (0) no score>
change in area rating;3;1;2;3;1;2;0;1;2;3;1;2;0;1;2;C;<enter (3) 50-100% loss, (2) 20-50% loss, (1) 0-20% loss, (0) no score>
change in structure rating;3;1;2;3;1;2;0;1;2;3;1;2;0;1;2;C;<enter (3) 50-100% loss, (2) 20-50% loss, (1) 0-20% loss, (0) no score>
temporal overlap rating;3;1;2;3;1;2;0;1;2;3;1;2;0;1;2;E;<enter (3) co-occur 8-12 mo/year, (2) 4-8 mo/yr, (1) 0-4 mo/yr, (0) no score>
management effectiveness;3;1;1;3;1;1;3;1;1;3;1;1;0;1;2;E;<enter (3) not effective, (2) somewhat effective, (1) very effective, (0) no score>
intensity rating;3;1;2;3;1;2;0;1;2;3;1;2;0;1;2;E;<enter (3) high, (2) medium, (1) low, (0) no score>
;;;;;;;;;;;;;;;;;
Leucaena;RATING;DQ;WEIGHT;RATING;DQ;WEIGHT;RATING;DQ;WEIGHT;RATING;DQ;WEIGHT;RATING;DQ;WEIGHT;E/C;Rating Instruction
frequency of disturbance;2;1;2;3;1;2;1;1;2;2;1;2;3;1;2;C;<enter (3) Annually or less often, (2) Several times per year, (1) Weekly or more often, (0) no score>
change in area rating;3;1;2;3;1;2;3;1;2;3;1;2;3;1;2;C;<enter (3) 50-100% loss, (2) 20-50% loss, (1) 0-20% loss, (0) no score>
change in structure rating;2;1;2;2;1;2;2;1;2;2;1;2;2;1;2;C;<enter (3) 50-100% loss, (2) 20-50% loss, (1) 0-20% loss, (0) no score>
temporal overlap rating;3;1;2;3;1;2;3;1;2;3;1;2;3;1;2;E;<enter (3) co-occur 8-12 mo/year, (2) 4-8 mo/yr, (1) 0-4 mo/yr, (0) no score>
management effectiveness;3;2;1;3;2;1;3;2;1;3;2;1;3;2;1;E;<enter (3) not effective, (2) somewhat effective, (1) very effective, (0) no score>
intensity rating;3;1;2;3;1;2;3;1;2;3;1;2;3;1;2;E;<enter (3) high, (2) medium, (1) low, (0) no score>
;;;;;;;;;;;;;;;;;
Rattus_rattus;RATING;DQ;WEIGHT;RATING;DQ;WEIGHT;RATING;DQ;WEIGHT;RATING;DQ;WEIGHT;RATING;DQ;WEIGHT;E/C;Rating Instruction
frequency of disturbance;2;1;2;3;1;2;1;1;2;2;1;2;3;1;2;C;<enter (3) Annually or less often, (2) Several times per year, (1) Weekly or more often, (0) no score>
change in area rating;3;1;2;3;1;2;3;1;2;3;1;2;3;1;2;C;<enter (3) 50-100% loss, (2) 20-50% loss, (1) 0-20% loss, (0) no score>
change in structure rating;3;1;2;3;1;2;3;1;2;3;1;2;3;1;2;C;<enter (3) 50-100% loss, (2) 20-50% loss, (1) 0-20% loss, (0) no score>
temporal overlap rating;3;1;2;3;1;2;3;1;2;3;1;2;3;1;2;E;<enter (3) co-occur 8-12 mo/year, (2) 4-8 mo/yr, (1) 0-4 mo/yr, (0) no score>
management effectiveness;3;1;1;3;1;1;3;1;1;3;1;1;3;1;1;E;<enter (3) not effective, (2) somewhat effective, (1) very effective, (0) no score>
intensity rating;3;1;2;3;1;2;3;1;2;3;1;2;3;1;2;E;<enter (3) high, (2) medium, (1) low, (0) no score>
;;;;;;;;;;;;;;;;;
Salvator_merianae;RATING;DQ;WEIGHT;RATING;DQ;WEIGHT;RATING;DQ;WEIGHT;RATING;DQ;WEIGHT;RATING;DQ;WEIGHT;E/C;Rating Instruction
frequency of disturbance;2;1;2;3;1;2;1;1;2;2;1;2;3;1;2;C;<enter (3) Annually or less often, (2) Several times per year, (1) Weekly or more often, (0) no score>
change in area rating;3;1;2;3;1;2;2;1;2;3;1;2;2;1;2;C;<enter (3) 50-100% loss, (2) 20-50% loss, (1) 0-20% loss, (0) no score>
change in structure rating;3;1;2;3;1;2;2;1;2;3;1;2;2;1;2;C;<enter (3) 50-100% loss, (2) 20-50% loss, (1) 0-20% loss, (0) no score>
temporal overlap rating;3;1;2;3;1;2;3;1;2;3;1;2;3;1;2;E;<enter (3) co-occur 8-12 mo/year, (2) 4-8 mo/yr, (1) 0-4 mo/yr, (0) no score>
management effectiveness;3;1;1;3;1;1;3;1;1;3;1;1;3;1;1;E;<enter (3) not effective, (2) somewhat effective, (1) very effective, (0) no score>
intensity rating;3;1;2;3;1;2;2;1;2;3;1;2;2;1;2;E;<enter (3) high, (2) medium, (1) low, (0) no score>
