NAME;PATH;TYPE;STRESSOR BUFFER (meters)
area_praial;habitat_layers/area_praial.shp;habitat;
area_primitiva;habitat_layers/area_primitiva.shp;habitat;
area_urbana;habitat_layers/area_urbana.shp;habitat;
area_verde;habitat_layers/area_verde.shp;habitat;
ilhas_secundarias;habitat_layers/ilhas_secundarias.shp;habitat;
Felis_catus;stressor_layers/Felis_catus.shp;stressor;1000
Leucaena;stressor_layers/Leucaena.shp;stressor;1000
Rattus_rattus;stressor_layers/Rattus_rattus.shp;stressor;1000
Salvator_merianae;stressor_layers/Salvator_merianae.shp;stressor;1000
